example_id,gender,SeniorCitizen,Partner,Dependents,tenure,PhoneService,MultipleLines,InternetService,OnlineSecurity,OnlineBackup,DeviceProtection,TechSupport,StreamingTV,StreamingMovies,Contract,PaperlessBilling,PaymentMethod,MonthlyCharges,Churn
E01,Female,0,Yes,No,72,Yes,Yes,Fiber optic,Yes,Yes,Yes,Yes,No,No,Two year,Yes,Bank transfer (automatic),94.25,No
E02,Female,0,No,No,41,Yes,No,No,No internet service,No internet service,No internet service,No internet service,No internet service,No internet service,Month-to-month,No,Electronic check,20.45,No
E03,Female,0,No,No,12,No,No phone service,DSL,Yes,No,No,Yes,No,No,One year,Yes,Mailed check,33.6,No
E04,Female,0,No,No,5,Yes,No,Fiber optic,No,Yes,No,Yes,No,Yes,Month-to-month,Yes,Electronic check,89.35,Yes
E05,Male,1,No,No,8,Yes,No,Fiber optic,No,Yes,No,No,No,No,Month-to-month,Yes,Electronic check,74.5,Yes
E06,Female,0,No,No,1,Yes,No,No,No internet service,No internet service,No internet service,No internet service,No internet service,No internet service,Month-to-month,No,Credit card (automatic),19.95,No
E07,Male,0,No,No,6,Yes,No,No,No internet service,No internet service,No internet service,No internet service,No internet service,No internet service,Month-to-month,No,Mailed check,18.95,No
E08,Female,1,No,No,6,Yes,No,Fiber optic,No,No,No,No,Yes,Yes,Month-to-month,Yes,Electronic check,89.35,No
E09,Female,0,Yes,Yes,5,Yes,No,Fiber optic,No,No,No,No,Yes,No,Month-to-month,Yes,Electronic check,80.85,No
E10,Male,0,Yes,Yes,72,Yes,Yes,Fiber optic,No,Yes,Yes,Yes,Yes,Yes,Two year,Yes,Bank transfer (automatic),112.25,No
E11,Male,0,Yes,Yes,51,Yes,No,No,No internet service,No internet service,No internet service,No internet service,No internet service,No internet service,One year,No,Mailed check,19.4,No
E12,Male,0,Yes,Yes,12,Yes,No,No,No internet service,No internet service,No internet service,No internet service,No internet service,No internet service,Month-to-month,Yes,Electronic check,21.15,No
E13,Female,1,Yes,No,43,No,No phone service,DSL,No,Yes,Yes,No,Yes,Yes,Month-to-month,No,Credit card (automatic),55.55,Yes
E14,Female,1,No,No,3,Yes,No,DSL,No,No,No,No,No,No,Month-to-month,No,Electronic check,45.0,Yes
E15,Female,0,No,No,8,Yes,No,Fiber optic,Yes,No,No,No,Yes,No,Month-to-month,No,Electronic check,84.95,Yes
E16,Female,0,No,No,2,Yes,No,Fiber optic,No,No,No,No,No,Yes,Month-to-month,No,Electronic check,80.75,Yes
E17,Male,1,No,No,49,Yes,Yes,Fiber optic,No,No,No,No,Yes,Yes,Month-to-month,Yes,Electronic check,96.2,Yes
E18,Female,1,Yes,No,20,Yes,Yes,Fiber optic,No,No,Yes,No,Yes,No,Month-to-month,No,Electronic check,90.8,Yes
E19,Female,0,Yes,Yes,10,Yes,Yes,Fiber optic,No,Yes,Yes,No,Yes,Yes,Month-to-month,Yes,Credit card (automatic),102.1,Yes
E20,Male,0,Yes,No,30,Yes,Yes,Fiber optic,No,No,No,No,Yes,Yes,Month-to-month,Yes,Credit card (automatic),94.05,Yes