customer_id,gender,SeniorCitizen,Partner,Dependents,tenure,PhoneService,MultipleLines,InternetService,OnlineSecurity,OnlineBackup,DeviceProtection,TechSupport,StreamingTV,StreamingMovies,Contract,PaperlessBilling,PaymentMethod,MonthlyCharges
C01,Female,0,No,No,9,Yes,No,Fiber optic,No,No,No,No,Yes,Yes,Month-to-month,Yes,Mailed check,88.4
C02,Female,1,Yes,No,50,Yes,Yes,Fiber optic,Yes,Yes,Yes,No,Yes,Yes,Month-to-month,No,Bank transfer (automatic),108.75
C03,Female,0,Yes,Yes,19,Yes,Yes,Fiber optic,No,No,No,Yes,No,Yes,One year,Yes,Bank transfer (automatic),89.35
C04,Male,0,No,No,28,Yes,No,No,No internet service,No internet service,No internet service,No internet service,No internet service,No internet service,One year,No,Credit card (automatic),18.25
C05,Female,0,No,Yes,5,Yes,No,DSL,No,No,No,No,No,No,Month-to-month,No,Mailed check,46.0
C06,Male,1,Yes,No,7,Yes,Yes,Fiber optic,No,No,Yes,No,Yes,Yes,Month-to-month,Yes,Electronic check,99.25
C07,Male,1,No,No,60,No,No phone service,DSL,No,No,Yes,No,No,Yes,Two year,Yes,Electronic check,41.15
C08,Female,1,No,No,15,Yes,No,Fiber optic,No,No,No,No,Yes,Yes,Month-to-month,Yes,Electronic check,91.5
C09,Female,0,Yes,Yes,10,Yes,No,DSL,No,No,Yes,No,Yes,No,Month-to-month,No,Mailed check,60.2
C10,Female,0,Yes,Yes,52,Yes,No,DSL,No,No,Yes,No,No,No,One year,Yes,Bank transfer (automatic),50.95
C11,Male,0,No,No,20,Yes,Yes,Fiber optic,No,No,No,Yes,Yes,Yes,Month-to-month,Yes,Mailed check,98.55
C12,Female,0,Yes,Yes,41,Yes,No,DSL,No,Yes,No,Yes,No,Yes,One year,Yes,Bank transfer (automatic),66.5
C13,Male,0,Yes,No,63,Yes,Yes,DSL,No,Yes,No,Yes,No,Yes,Two year,No,Mailed check,67.25
C14,Female,0,Yes,No,1,Yes,No,Fiber optic,No,No,No,No,Yes,No,Month-to-month,Yes,Bank transfer (automatic),79.35
C15,Female,1,No,No,1,Yes,No,Fiber optic,No,No,No,No,Yes,Yes,Month-to-month,Yes,Electronic check,95.7
C16,Female,0,Yes,Yes,34,Yes,No,No,No internet service,No internet service,No internet service,No internet service,No internet service,No internet service,Month-to-month,No,Mailed check,20.65
C17,Male,1,No,No,2,Yes,No,Fiber optic,No,Yes,No,No,No,No,Month-to-month,Yes,Electronic check,74.7
C18,Male,1,No,No,3,No,No phone service,DSL,No,No,Yes,No,No,Yes,Month-to-month,Yes,Electronic check,41.15
C19,Male,0,Yes,Yes,64,Yes,Yes,Fiber optic,No,No,Yes,No,No,Yes,One year,No,Credit card (automatic),90.25
C20,Female,0,No,No,1,Yes,No,DSL,No,No,No,Yes,No,No,Month-to-month,Yes,Electronic check,52.2
C21,Female,0,No,No,1,No,No phone service,DSL,No,No,No,No,No,No,Month-to-month,No,Electronic check,24.6
C22,Female,0,Yes,No,47,Yes,Yes,Fiber optic,Yes,Yes,Yes,No,Yes,No,Month-to-month,Yes,Electronic check,98.75
C23,Male,0,Yes,Yes,64,Yes,No,DSL,Yes,No,Yes,No,Yes,Yes,One year,Yes,Credit card (automatic),73.05
C24,Male,0,Yes,Yes,10,Yes,No,DSL,No,No,Yes,No,Yes,No,Month-to-month,No,Mailed check,60.2
C25,Male,0,Yes,Yes,10,Yes,No,DSL,No,No,Yes,No,Yes,No,Month-to-month,No,Mailed check,60.2
C26,Female,0,Yes,Yes,70,Yes,Yes,DSL,Yes,No,No,Yes,Yes,Yes,Two year,Yes,Bank transfer (automatic),80.6
C27,Male,0,No,No,23,Yes,No,DSL,No,No,No,No,Yes,Yes,One year,Yes,Bank transfer (automatic),64.9
C28,Male,0,No,Yes,4,Yes,No,DSL,Yes,No,No,No,No,No,Month-to-month,No,Electronic check,49.35
C29,Female,0,No,No,31,Yes,Yes,DSL,Yes,No,Yes,Yes,No,No,Month-to-month,No,Credit card (automatic),65.25
C30,Male,0,No,No,6,Yes,Yes,Fiber optic,No,No,No,No,No,No,Month-to-month,Yes,Electronic check,74.9
C31,Male,0,No,No,69,No,No phone service,DSL,Yes,Yes,No,Yes,Yes,Yes,Two year,Yes,Bank transfer (automatic),60.05
C32,Male,0,No,No,9,Yes,No,Fiber optic,No,No,No,No,No,Yes,Month-to-month,Yes,Electronic check,80.8
C33,Female,0,No,No,7,Yes,Yes,Fiber optic,No,No,No,No,No,No,Month-to-month,Yes,Bank transfer (automatic),75.1
C34,Female,0,Yes,No,49,Yes,Yes,DSL,No,No,No,No,No,No,Month-to-month,Yes,Credit card (automatic),52.15
C35,Male,0,No,No,5,Yes,No,DSL,No,No,Yes,Yes,Yes,No,Month-to-month,Yes,Credit card (automatic),63.95
C36,Female,0,Yes,No,14,Yes,No,Fiber optic,No,No,No,No,No,Yes,Month-to-month,Yes,Electronic check,78.1
C37,Male,0,Yes,Yes,13,Yes,Yes,Fiber optic,No,No,No,No,No,No,Month-to-month,Yes,Credit card (automatic),74.4
C38,Male,1,Yes,No,1,No,No phone service,DSL,No,No,No,No,No,No,Month-to-month,No,Electronic check,25.05
C39,Female,0,No,No,47,Yes,Yes,Fiber optic,Yes,No,Yes,No,Yes,No,One year,No,Credit card (automatic),94.9
C40,Male,1,No,No,2,Yes,No,DSL,No,No,No,No,No,No,Month-to-month,No,Mailed check,44.95
C41,Female,0,Yes,No,32,Yes,No,Fiber optic,No,Yes,No,No,No,Yes,Month-to-month,No,Bank transfer (automatic),84.15
C42,Female,0,No,No,3,Yes,Yes,Fiber optic,No,No,No,No,Yes,Yes,Month-to-month,Yes,Electronic check,96.6
C43,Female,0,Yes,No,55,Yes,No,Fiber optic,Yes,No,No,No,Yes,Yes,One year,Yes,Electronic check,94.75
C44,Female,0,No,No,7,Yes,Yes,Fiber optic,No,No,No,No,No,No,Month-to-month,No,Mailed check,75.45
C45,Male,0,No,No,24,Yes,Yes,Fiber optic,No,Yes,No,No,Yes,Yes,Month-to-month,Yes,Bank transfer (automatic),99.65